<?xml version="1.0" encoding="UTF-8"?>
<GenRun Id="impl_1" LaunchPart="xc7k325tffg900-2" LaunchTime="1695264982">
  <File Type="BITSTR-BMM" Name="multi_short_line_TDC_bd.bmm"/>
  <File Type="OPT-METHODOLOGY-DRC" Name="multi_short_line_TDC_methodology_drc_opted.rpt"/>
  <File Type="INIT-TIMING" Name="multi_short_line_TDC_timing_summary_init.rpt"/>
  <File Type="ROUTE-PWR" Name="multi_short_line_TDC_power_routed.rpt"/>
  <File Type="PA-TCL" Name="multi_short_line_TDC.tcl"/>
  <File Type="OPT-TIMING" Name="multi_short_line_TDC_timing_summary_opted.rpt"/>
  <File Type="OPT-DCP" Name="multi_short_line_TDC_opt.dcp"/>
  <File Type="ROUTE-PWR-SUM" Name="multi_short_line_TDC_power_summary_routed.pb"/>
  <File Type="REPORTS-TCL" Name="multi_short_line_TDC_reports.tcl"/>
  <File Type="OPT-DRC" Name="multi_short_line_TDC_drc_opted.rpt"/>
  <File Type="OPT-HWDEF" Name="multi_short_line_TDC.hwdef"/>
  <File Type="PWROPT-DCP" Name="multi_short_line_TDC_pwropt.dcp"/>
  <File Type="PWROPT-DRC" Name="multi_short_line_TDC_drc_pwropted.rpt"/>
  <File Type="PWROPT-TIMING" Name="multi_short_line_TDC_timing_summary_pwropted.rpt"/>
  <File Type="PLACE-DCP" Name="multi_short_line_TDC_placed.dcp"/>
  <File Type="PLACE-IO" Name="multi_short_line_TDC_io_placed.rpt"/>
  <File Type="PLACE-CLK" Name="multi_short_line_TDC_clock_utilization_placed.rpt"/>
  <File Type="PLACE-UTIL" Name="multi_short_line_TDC_utilization_placed.rpt"/>
  <File Type="PLACE-UTIL-PB" Name="multi_short_line_TDC_utilization_placed.pb"/>
  <File Type="PLACE-CTRL" Name="multi_short_line_TDC_control_sets_placed.rpt"/>
  <File Type="PLACE-SIMILARITY" Name="multi_short_line_TDC_incremental_reuse_placed.rpt"/>
  <File Type="PLACE-PRE-SIMILARITY" Name="multi_short_line_TDC_incremental_reuse_pre_placed.rpt"/>
  <File Type="BG-BGN" Name="multi_short_line_TDC.bgn"/>
  <File Type="PLACE-TIMING" Name="multi_short_line_TDC_timing_summary_placed.rpt"/>
  <File Type="POSTPLACE-PWROPT-DCP" Name="multi_short_line_TDC_postplace_pwropt.dcp"/>
  <File Type="BG-BIN" Name="multi_short_line_TDC.bin"/>
  <File Type="POSTPLACE-PWROPT-TIMING" Name="multi_short_line_TDC_timing_summary_postplace_pwropted.rpt"/>
  <File Type="PHYSOPT-DCP" Name="multi_short_line_TDC_physopt.dcp"/>
  <File Type="PHYSOPT-DRC" Name="multi_short_line_TDC_drc_physopted.rpt"/>
  <File Type="BITSTR-MSK" Name="multi_short_line_TDC.msk"/>
  <File Type="PHYSOPT-TIMING" Name="multi_short_line_TDC_timing_summary_physopted.rpt"/>
  <File Type="ROUTE-ERROR-DCP" Name="multi_short_line_TDC_routed_error.dcp"/>
  <File Type="ROUTE-DCP" Name="multi_short_line_TDC_routed.dcp"/>
  <File Type="ROUTE-BLACKBOX-DCP" Name="multi_short_line_TDC_routed_bb.dcp"/>
  <File Type="ROUTE-DRC" Name="multi_short_line_TDC_drc_routed.rpt"/>
  <File Type="ROUTE-DRC-PB" Name="multi_short_line_TDC_drc_routed.pb"/>
  <File Type="BITSTR-LTX" Name="debug_nets.ltx"/>
  <File Type="BITSTR-LTX" Name="multi_short_line_TDC.ltx"/>
  <File Type="ROUTE-DRC-RPX" Name="multi_short_line_TDC_drc_routed.rpx"/>
  <File Type="BITSTR-MMI" Name="multi_short_line_TDC.mmi"/>
  <File Type="ROUTE-METHODOLOGY-DRC" Name="multi_short_line_TDC_methodology_drc_routed.rpt"/>
  <File Type="ROUTE-METHODOLOGY-DRC-RPX" Name="multi_short_line_TDC_methodology_drc_routed.rpx"/>
  <File Type="BITSTR-SYSDEF" Name="multi_short_line_TDC.sysdef"/>
  <File Type="ROUTE-METHODOLOGY-DRC-PB" Name="multi_short_line_TDC_methodology_drc_routed.pb"/>
  <File Type="ROUTE-PWR-RPX" Name="multi_short_line_TDC_power_routed.rpx"/>
  <File Type="ROUTE-STATUS" Name="multi_short_line_TDC_route_status.rpt"/>
  <File Type="ROUTE-STATUS-PB" Name="multi_short_line_TDC_route_status.pb"/>
  <File Type="ROUTE-TIMINGSUMMARY" Name="multi_short_line_TDC_timing_summary_routed.rpt"/>
  <File Type="ROUTE-TIMING-PB" Name="multi_short_line_TDC_timing_summary_routed.pb"/>
  <File Type="ROUTE-TIMING-RPX" Name="multi_short_line_TDC_timing_summary_routed.rpx"/>
  <File Type="ROUTE-SIMILARITY" Name="multi_short_line_TDC_incremental_reuse_routed.rpt"/>
  <File Type="ROUTE-CLK" Name="multi_short_line_TDC_clock_utilization_routed.rpt"/>
  <File Type="ROUTE-BUS-SKEW" Name="multi_short_line_TDC_bus_skew_routed.rpt"/>
  <File Type="ROUTE-BUS-SKEW-PB" Name="multi_short_line_TDC_bus_skew_routed.pb"/>
  <File Type="ROUTE-BUS-SKEW-RPX" Name="multi_short_line_TDC_bus_skew_routed.rpx"/>
  <File Type="POSTROUTE-PHYSOPT-DCP" Name="multi_short_line_TDC_postroute_physopt.dcp"/>
  <File Type="POSTROUTE-PHYSOPT-BLACKBOX-DCP" Name="multi_short_line_TDC_postroute_physopt_bb.dcp"/>
  <File Type="POSTROUTE-PHYSOPT-TIMING" Name="multi_short_line_TDC_timing_summary_postroute_physopted.rpt"/>
  <File Type="POSTROUTE-PHYSOPT-TIMING-PB" Name="multi_short_line_TDC_timing_summary_postroute_physopted.pb"/>
  <File Type="POSTROUTE-PHYSOPT-TIMING-RPX" Name="multi_short_line_TDC_timing_summary_postroute_physopted.rpx"/>
  <File Type="POSTROUTE-PHYSOPT-BUS-SKEW" Name="multi_short_line_TDC_bus_skew_postroute_physopted.rpt"/>
  <File Type="POSTROUTE-PHYSOPT-BUS-SKEW-PB" Name="multi_short_line_TDC_bus_skew_postroute_physopted.pb"/>
  <File Type="BG-BIT" Name="multi_short_line_TDC.bit"/>
  <File Type="POSTROUTE-PHYSOPT-BUS-SKEW-RPX" Name="multi_short_line_TDC_bus_skew_postroute_physopted.rpx"/>
  <File Type="BITSTR-RBT" Name="multi_short_line_TDC.rbt"/>
  <File Type="BITSTR-NKY" Name="multi_short_line_TDC.nky"/>
  <File Type="BG-DRC" Name="multi_short_line_TDC.drc"/>
  <File Type="RDI-RDI" Name="multi_short_line_TDC.vdi"/>
  <File Type="WBT-USG" Name="usage_statistics_webtalk.html"/>
  <FileSet Name="sources" Type="DesignSrcs" RelSrcDir="$PSRCDIR/sources_1">
    <Filter Type="Srcs"/>
    <File Path="$PSRCDIR/sources_1/new/BPS_TIMER.v">
      <FileInfo>
        <Attr Name="ImportPath" Val="$PPRDIR/../multi_short_line_TDC/multi_short_line_TDC.srcs/sources_1/new/BPS_TIMER.v"/>
        <Attr Name="ImportTime" Val="1669618026"/>
        <Attr Name="UsedIn" Val="synthesis"/>
        <Attr Name="UsedIn" Val="implementation"/>
        <Attr Name="UsedIn" Val="simulation"/>
      </FileInfo>
    </File>
    <File Path="$PSRCDIR/sources_1/new/LED_module.v">
      <FileInfo>
        <Attr Name="ImportPath" Val="$PPRDIR/../multi_short_line_TDC/multi_short_line_TDC.srcs/sources_1/new/LED_module.v"/>
        <Attr Name="ImportTime" Val="1669642169"/>
        <Attr Name="UsedIn" Val="synthesis"/>
        <Attr Name="UsedIn" Val="implementation"/>
        <Attr Name="UsedIn" Val="simulation"/>
      </FileInfo>
    </File>
    <File Path="$PSRCDIR/sources_1/new/TDC_unit.v">
      <FileInfo>
        <Attr Name="ImportPath" Val="$PPRDIR/../multi_short_line_TDC/multi_short_line_TDC.srcs/sources_1/new/TDC_unit.v"/>
        <Attr Name="ImportTime" Val="1669617848"/>
        <Attr Name="UsedIn" Val="synthesis"/>
        <Attr Name="UsedIn" Val="implementation"/>
        <Attr Name="UsedIn" Val="simulation"/>
      </FileInfo>
    </File>
    <File Path="$PSRCDIR/sources_1/new/Uart_top.v">
      <FileInfo>
        <Attr Name="ImportPath" Val="$PPRDIR/../multi_short_line_TDC/multi_short_line_TDC.srcs/sources_1/new/Uart_top.v"/>
        <Attr Name="ImportTime" Val="1669617964"/>
        <Attr Name="UsedIn" Val="synthesis"/>
        <Attr Name="UsedIn" Val="implementation"/>
        <Attr Name="UsedIn" Val="simulation"/>
      </FileInfo>
    </File>
    <File Path="$PSRCDIR/sources_1/new/data_transmission.v">
      <FileInfo>
        <Attr Name="ImportPath" Val="$PPRDIR/../multi_short_line_TDC/multi_short_line_TDC.srcs/sources_1/new/data_transmission.v"/>
        <Attr Name="ImportTime" Val="1669617662"/>
        <Attr Name="UsedIn" Val="synthesis"/>
        <Attr Name="UsedIn" Val="implementation"/>
        <Attr Name="UsedIn" Val="simulation"/>
      </FileInfo>
    </File>
    <File Path="$PSRCDIR/sources_1/new/delay_cell.v">
      <FileInfo>
        <Attr Name="ImportPath" Val="$PPRDIR/../multi_short_line_TDC/multi_short_line_TDC.srcs/sources_1/new/delay_cell.v"/>
        <Attr Name="ImportTime" Val="1669613840"/>
        <Attr Name="UsedIn" Val="synthesis"/>
        <Attr Name="UsedIn" Val="implementation"/>
        <Attr Name="UsedIn" Val="simulation"/>
      </FileInfo>
    </File>
    <File Path="$PSRCDIR/sources_1/new/delay_module.v">
      <FileInfo>
        <Attr Name="ImportPath" Val="$PPRDIR/../multi_short_line_TDC/multi_short_line_TDC.srcs/sources_1/new/delay_module.v"/>
        <Attr Name="ImportTime" Val="1669705774"/>
        <Attr Name="UsedIn" Val="synthesis"/>
        <Attr Name="UsedIn" Val="implementation"/>
        <Attr Name="UsedIn" Val="simulation"/>
      </FileInfo>
    </File>
    <File Path="$PSRCDIR/sources_1/new/delay_unit.v">
      <FileInfo>
        <Attr Name="ImportPath" Val="$PPRDIR/../multi_short_line_TDC/multi_short_line_TDC.srcs/sources_1/new/delay_unit.v"/>
        <Attr Name="ImportTime" Val="1669612484"/>
        <Attr Name="UsedIn" Val="synthesis"/>
        <Attr Name="UsedIn" Val="implementation"/>
        <Attr Name="UsedIn" Val="simulation"/>
      </FileInfo>
    </File>
    <File Path="$PSRCDIR/sources_1/new/serial_trans.v">
      <FileInfo>
        <Attr Name="ImportPath" Val="$PPRDIR/../multi_short_line_TDC/multi_short_line_TDC.srcs/sources_1/new/serial_trans.v"/>
        <Attr Name="ImportTime" Val="1669725740"/>
        <Attr Name="UsedIn" Val="synthesis"/>
        <Attr Name="UsedIn" Val="implementation"/>
        <Attr Name="UsedIn" Val="simulation"/>
      </FileInfo>
    </File>
    <File Path="$PSRCDIR/sources_1/new/test_signal_module.v">
      <FileInfo>
        <Attr Name="ImportPath" Val="$PPRDIR/../../multi_short_line_TDC/FPGA_project/multi_short_line_TDC_v1.0/multi_short_line_TDC_v1.0.srcs/sources_1/new/test_signal_module.v"/>
        <Attr Name="ImportTime" Val="1670050524"/>
        <Attr Name="UsedIn" Val="synthesis"/>
        <Attr Name="UsedIn" Val="implementation"/>
        <Attr Name="UsedIn" Val="simulation"/>
      </FileInfo>
    </File>
    <File Path="$PSRCDIR/sources_1/new/uart_tx.v">
      <FileInfo>
        <Attr Name="ImportPath" Val="$PPRDIR/../multi_short_line_TDC/multi_short_line_TDC.srcs/sources_1/new/uart_tx.v"/>
        <Attr Name="ImportTime" Val="1669617990"/>
        <Attr Name="UsedIn" Val="synthesis"/>
        <Attr Name="UsedIn" Val="implementation"/>
        <Attr Name="UsedIn" Val="simulation"/>
      </FileInfo>
    </File>
    <File Path="$PSRCDIR/sources_1/new/TDC_module.sv">
      <FileInfo>
        <Attr Name="ImportPath" Val="$PPRDIR/../multi_short_line_TDC/multi_short_line_TDC.srcs/sources_1/new/TDC_module.sv"/>
        <Attr Name="ImportTime" Val="1669784848"/>
        <Attr Name="UsedIn" Val="synthesis"/>
        <Attr Name="UsedIn" Val="implementation"/>
        <Attr Name="UsedIn" Val="simulation"/>
      </FileInfo>
    </File>
    <File Path="$PSRCDIR/sources_1/new/data_save_module.sv">
      <FileInfo>
        <Attr Name="ImportPath" Val="$PPRDIR/../multi_short_line_TDC/multi_short_line_TDC.srcs/sources_1/new/data_save_module.sv"/>
        <Attr Name="ImportTime" Val="1669725644"/>
        <Attr Name="UsedIn" Val="synthesis"/>
        <Attr Name="UsedIn" Val="implementation"/>
        <Attr Name="UsedIn" Val="simulation"/>
      </FileInfo>
    </File>
    <File Path="$PSRCDIR/sources_1/new/temp_dataout.sv">
      <FileInfo>
        <Attr Name="ImportPath" Val="$PPRDIR/../multi_short_line_TDC/multi_short_line_TDC.srcs/sources_1/new/temp_dataout.sv"/>
        <Attr Name="ImportTime" Val="1669725699"/>
        <Attr Name="UsedIn" Val="synthesis"/>
        <Attr Name="UsedIn" Val="implementation"/>
        <Attr Name="UsedIn" Val="simulation"/>
      </FileInfo>
    </File>
    <File Path="$PSRCDIR/sources_1/new/multi_short_line_TDC.sv">
      <FileInfo>
        <Attr Name="ImportPath" Val="$PPRDIR/../multi_short_line_TDC/multi_short_line_TDC.srcs/sources_1/new/multi_short_line_TDC.sv"/>
        <Attr Name="ImportTime" Val="1669725809"/>
        <Attr Name="UsedIn" Val="synthesis"/>
        <Attr Name="UsedIn" Val="implementation"/>
        <Attr Name="UsedIn" Val="simulation"/>
      </FileInfo>
    </File>
    <File Path="$PSRCDIR/sources_1/bd/design_1/design_1.bd">
      <FileInfo>
        <Attr Name="AutoDisabled" Val="1"/>
        <Attr Name="ImportPath" Val="$PPRDIR/../multi_short_line_TDC/multi_short_line_TDC.srcs/sources_1/bd/design_1/design_1.bd"/>
        <Attr Name="ImportTime" Val="1669635427"/>
        <Attr Name="UsedIn" Val="synthesis"/>
        <Attr Name="UsedIn" Val="implementation"/>
        <Attr Name="UsedIn" Val="simulation"/>
      </FileInfo>
    </File>
    <File Path="$PSRCDIR/sources_1/bd/design_1/hdl/design_1_wrapper.v">
      <FileInfo>
        <Attr Name="AutoDisabled" Val="1"/>
        <Attr Name="ImportPath" Val="$PPRDIR/../multi_short_line_TDC/multi_short_line_TDC.srcs/sources_1/bd/design_1/hdl/design_1_wrapper.v"/>
        <Attr Name="ImportTime" Val="1669635441"/>
        <Attr Name="UsedIn" Val="synthesis"/>
        <Attr Name="UsedIn" Val="implementation"/>
        <Attr Name="UsedIn" Val="simulation"/>
      </FileInfo>
    </File>
    <File Path="$PSRCDIR/sources_1/new/input_module.v">
      <FileInfo>
        <Attr Name="AutoDisabled" Val="1"/>
        <Attr Name="ImportPath" Val="$PPRDIR/../multi_short_line_TDC/multi_short_line_TDC.srcs/sources_1/new/input_module.v"/>
        <Attr Name="ImportTime" Val="1669612134"/>
        <Attr Name="UsedIn" Val="synthesis"/>
        <Attr Name="UsedIn" Val="implementation"/>
        <Attr Name="UsedIn" Val="simulation"/>
      </FileInfo>
    </File>
    <Config>
      <Option Name="DesignMode" Val="RTL"/>
      <Option Name="TopModule" Val="multi_short_line_TDC"/>
      <Option Name="TopAutoSet" Val="TRUE"/>
    </Config>
  </FileSet>
  <FileSet Name="constrs_in" Type="Constrs" RelSrcDir="$PSRCDIR/constrs_2">
    <File Path="$PSRCDIR/constrs_2/new/XDC_file.xdc">
      <FileInfo>
        <Attr Name="ImportPath" Val="$PPRDIR/../multi_short_line_TDC/multi_short_line_TDC.srcs/constrs_2/new/XDC_file.xdc"/>
        <Attr Name="ImportTime" Val="1669786383"/>
        <Attr Name="UsedIn" Val="synthesis"/>
        <Attr Name="UsedIn" Val="implementation"/>
      </FileInfo>
    </File>
    <Config>
      <Option Name="TargetConstrsFile" Val="$PSRCDIR/constrs_2/new/XDC_file.xdc"/>
      <Option Name="ConstrsType" Val="XDC"/>
    </Config>
  </FileSet>
  <FileSet Name="utils" Type="Utils" RelSrcDir="$PSRCDIR/utils_1">
    <Filter Type="Utils"/>
    <Config>
      <Option Name="TopAutoSet" Val="TRUE"/>
    </Config>
  </FileSet>
  <Strategy Version="1" Minor="2">
    <StratHandle Name="Vivado Implementation Defaults" Flow="Vivado Implementation 2019"/>
    <Step Id="init_design"/>
    <Step Id="opt_design"/>
    <Step Id="power_opt_design"/>
    <Step Id="place_design"/>
    <Step Id="post_place_power_opt_design"/>
    <Step Id="phys_opt_design"/>
    <Step Id="route_design"/>
    <Step Id="post_route_phys_opt_design"/>
    <Step Id="write_bitstream"/>
  </Strategy>
  <BlockFileSet Type="BlockSrcs" Name="test_signal_generate_module"/>
  <BlockFileSet Type="BlockSrcs" Name="coarse_module"/>
  <BlockFileSet Type="BlockSrcs" Name="design_1_zynq_ultra_ps_e_0_0"/>
  <BlockFileSet Type="BlockSrcs" Name="clock_module"/>
  <BlockFileSet Type="BlockSrcs" Name="fifo_generator_0"/>
</GenRun>
