<?xml version="1.0" encoding="UTF-8"?>
<GenRun Id="clock_module_synth_1" LaunchPart="xc7k325tffg900-2" LaunchTime="1695214259">
  <File Type="PA-TCL" Name="clock_module.tcl"/>
  <File Type="REPORTS-TCL" Name="clock_module_reports.tcl"/>
  <File Type="RDS-RDS" Name="clock_module.vds"/>
  <File Type="RDS-UTIL" Name="clock_module_utilization_synth.rpt"/>
  <File Type="RDS-UTIL-PB" Name="clock_module_utilization_synth.pb"/>
  <File Type="RDS-DCP" Name="clock_module.dcp"/>
  <FileSet Name="sources" Type="BlockSrcs" RelSrcDir="$PSRCDIR/clock_module">
    <File Path="$PSRCDIR/sources_1/ip/clock_module_1/clock_module.xci">
      <FileInfo>
        <Attr Name="ImportPath" Val="$PPRDIR/../../multi_short_line_TDC/FPGA_project/multi_short_line_TDC_v1.0/multi_short_line_TDC_v1.0.srcs/sources_1/ip/clock_module_1/clock_module.xci"/>
        <Attr Name="ImportTime" Val="1670048901"/>
        <Attr Name="UsedIn" Val="synthesis"/>
        <Attr Name="UsedIn" Val="implementation"/>
        <Attr Name="UsedIn" Val="simulation"/>
      </FileInfo>
    </File>
    <Config>
      <Option Name="TopModule" Val="clock_module"/>
      <Option Name="UseBlackboxStub" Val="1"/>
    </Config>
  </FileSet>
  <FileSet Name="constrs_in" Type="BlockSrcs" RelSrcDir="$PSRCDIR/clock_module">
    <File Path="$PSRCDIR/sources_1/ip/clock_module_1/clock_module.xci">
      <FileInfo>
        <Attr Name="ImportPath" Val="$PPRDIR/../../multi_short_line_TDC/FPGA_project/multi_short_line_TDC_v1.0/multi_short_line_TDC_v1.0.srcs/sources_1/ip/clock_module_1/clock_module.xci"/>
        <Attr Name="ImportTime" Val="1670048901"/>
        <Attr Name="UsedIn" Val="synthesis"/>
        <Attr Name="UsedIn" Val="implementation"/>
        <Attr Name="UsedIn" Val="simulation"/>
      </FileInfo>
    </File>
    <Config>
      <Option Name="TopModule" Val="clock_module"/>
      <Option Name="UseBlackboxStub" Val="1"/>
    </Config>
  </FileSet>
  <FileSet Name="utils" Type="Utils" RelSrcDir="$PSRCDIR/utils_1">
    <Filter Type="Utils"/>
    <Config>
      <Option Name="TopAutoSet" Val="TRUE"/>
    </Config>
  </FileSet>
  <Strategy Version="1" Minor="2">
    <StratHandle Name="Vivado Synthesis Defaults" Flow="Vivado Synthesis 2019"/>
    <Step Id="synth_design"/>
  </Strategy>
</GenRun>
