<?xml version="1.0" encoding="UTF-8"?>
<GenRun Id="synth_1" LaunchPart="xc7k325tffg900-2" LaunchTime="1695264982">
  <File Type="PA-TCL" Name="multi_short_line_TDC.tcl"/>
  <File Type="RDS-PROPCONSTRS" Name="multi_short_line_TDC_drc_synth.rpt"/>
  <File Type="REPORTS-TCL" Name="multi_short_line_TDC_reports.tcl"/>
  <File Type="RDS-RDS" Name="multi_short_line_TDC.vds"/>
  <File Type="RDS-UTIL" Name="multi_short_line_TDC_utilization_synth.rpt"/>
  <File Type="RDS-UTIL-PB" Name="multi_short_line_TDC_utilization_synth.pb"/>
  <File Type="RDS-DCP" Name="multi_short_line_TDC.dcp"/>
  <File Type="VDS-TIMINGSUMMARY" Name="multi_short_line_TDC_timing_summary_synth.rpt"/>
  <File Type="VDS-TIMING-PB" Name="multi_short_line_TDC_timing_summary_synth.pb"/>
  <FileSet Name="sources" Type="DesignSrcs" RelSrcDir="$PSRCDIR/sources_1">
    <Filter Type="Srcs"/>
    <File Path="$PSRCDIR/sources_1/new/BPS_TIMER.v">
      <FileInfo>
        <Attr Name="ImportPath" Val="$PPRDIR/../multi_short_line_TDC/multi_short_line_TDC.srcs/sources_1/new/BPS_TIMER.v"/>
        <Attr Name="ImportTime" Val="1669618026"/>
        <Attr Name="UsedIn" Val="synthesis"/>
        <Attr Name="UsedIn" Val="implementation"/>
        <Attr Name="UsedIn" Val="simulation"/>
      </FileInfo>
    </File>
    <File Path="$PSRCDIR/sources_1/new/LED_module.v">
      <FileInfo>
        <Attr Name="ImportPath" Val="$PPRDIR/../multi_short_line_TDC/multi_short_line_TDC.srcs/sources_1/new/LED_module.v"/>
        <Attr Name="ImportTime" Val="1669642169"/>
        <Attr Name="UsedIn" Val="synthesis"/>
        <Attr Name="UsedIn" Val="implementation"/>
        <Attr Name="UsedIn" Val="simulation"/>
      </FileInfo>
    </File>
    <File Path="$PSRCDIR/sources_1/new/TDC_unit.v">
      <FileInfo>
        <Attr Name="ImportPath" Val="$PPRDIR/../multi_short_line_TDC/multi_short_line_TDC.srcs/sources_1/new/TDC_unit.v"/>
        <Attr Name="ImportTime" Val="1669617848"/>
        <Attr Name="UsedIn" Val="synthesis"/>
        <Attr Name="UsedIn" Val="implementation"/>
        <Attr Name="UsedIn" Val="simulation"/>
      </FileInfo>
    </File>
    <File Path="$PSRCDIR/sources_1/new/Uart_top.v">
      <FileInfo>
        <Attr Name="ImportPath" Val="$PPRDIR/../multi_short_line_TDC/multi_short_line_TDC.srcs/sources_1/new/Uart_top.v"/>
        <Attr Name="ImportTime" Val="1669617964"/>
        <Attr Name="UsedIn" Val="synthesis"/>
        <Attr Name="UsedIn" Val="implementation"/>
        <Attr Name="UsedIn" Val="simulation"/>
      </FileInfo>
    </File>
    <File Path="$PSRCDIR/sources_1/new/data_transmission.v">
      <FileInfo>
        <Attr Name="ImportPath" Val="$PPRDIR/../multi_short_line_TDC/multi_short_line_TDC.srcs/sources_1/new/data_transmission.v"/>
        <Attr Name="ImportTime" Val="1669617662"/>
        <Attr Name="UsedIn" Val="synthesis"/>
        <Attr Name="UsedIn" Val="implementation"/>
        <Attr Name="UsedIn" Val="simulation"/>
      </FileInfo>
    </File>
    <File Path="$PSRCDIR/sources_1/new/delay_cell.v">
      <FileInfo>
        <Attr Name="ImportPath" Val="$PPRDIR/../multi_short_line_TDC/multi_short_line_TDC.srcs/sources_1/new/delay_cell.v"/>
        <Attr Name="ImportTime" Val="1669613840"/>
        <Attr Name="UsedIn" Val="synthesis"/>
        <Attr Name="UsedIn" Val="implementation"/>
        <Attr Name="UsedIn" Val="simulation"/>
      </FileInfo>
    </File>
    <File Path="$PSRCDIR/sources_1/new/delay_module.v">
      <FileInfo>
        <Attr Name="ImportPath" Val="$PPRDIR/../multi_short_line_TDC/multi_short_line_TDC.srcs/sources_1/new/delay_module.v"/>
        <Attr Name="ImportTime" Val="1669705774"/>
        <Attr Name="UsedIn" Val="synthesis"/>
        <Attr Name="UsedIn" Val="implementation"/>
        <Attr Name="UsedIn" Val="simulation"/>
      </FileInfo>
    </File>
    <File Path="$PSRCDIR/sources_1/new/delay_unit.v">
      <FileInfo>
        <Attr Name="ImportPath" Val="$PPRDIR/../multi_short_line_TDC/multi_short_line_TDC.srcs/sources_1/new/delay_unit.v"/>
        <Attr Name="ImportTime" Val="1669612484"/>
        <Attr Name="UsedIn" Val="synthesis"/>
        <Attr Name="UsedIn" Val="implementation"/>
        <Attr Name="UsedIn" Val="simulation"/>
      </FileInfo>
    </File>
    <File Path="$PSRCDIR/sources_1/new/serial_trans.v">
      <FileInfo>
        <Attr Name="ImportPath" Val="$PPRDIR/../multi_short_line_TDC/multi_short_line_TDC.srcs/sources_1/new/serial_trans.v"/>
        <Attr Name="ImportTime" Val="1669725740"/>
        <Attr Name="UsedIn" Val="synthesis"/>
        <Attr Name="UsedIn" Val="implementation"/>
        <Attr Name="UsedIn" Val="simulation"/>
      </FileInfo>
    </File>
    <File Path="$PSRCDIR/sources_1/new/test_signal_module.v">
      <FileInfo>
        <Attr Name="ImportPath" Val="$PPRDIR/../../multi_short_line_TDC/FPGA_project/multi_short_line_TDC_v1.0/multi_short_line_TDC_v1.0.srcs/sources_1/new/test_signal_module.v"/>
        <Attr Name="ImportTime" Val="1670050524"/>
        <Attr Name="UsedIn" Val="synthesis"/>
        <Attr Name="UsedIn" Val="implementation"/>
        <Attr Name="UsedIn" Val="simulation"/>
      </FileInfo>
    </File>
    <File Path="$PSRCDIR/sources_1/new/uart_tx.v">
      <FileInfo>
        <Attr Name="ImportPath" Val="$PPRDIR/../multi_short_line_TDC/multi_short_line_TDC.srcs/sources_1/new/uart_tx.v"/>
        <Attr Name="ImportTime" Val="1669617990"/>
        <Attr Name="UsedIn" Val="synthesis"/>
        <Attr Name="UsedIn" Val="implementation"/>
        <Attr Name="UsedIn" Val="simulation"/>
      </FileInfo>
    </File>
    <File Path="$PSRCDIR/sources_1/new/TDC_module.sv">
      <FileInfo>
        <Attr Name="ImportPath" Val="$PPRDIR/../multi_short_line_TDC/multi_short_line_TDC.srcs/sources_1/new/TDC_module.sv"/>
        <Attr Name="ImportTime" Val="1669784848"/>
        <Attr Name="UsedIn" Val="synthesis"/>
        <Attr Name="UsedIn" Val="implementation"/>
        <Attr Name="UsedIn" Val="simulation"/>
      </FileInfo>
    </File>
    <File Path="$PSRCDIR/sources_1/new/data_save_module.sv">
      <FileInfo>
        <Attr Name="ImportPath" Val="$PPRDIR/../multi_short_line_TDC/multi_short_line_TDC.srcs/sources_1/new/data_save_module.sv"/>
        <Attr Name="ImportTime" Val="1669725644"/>
        <Attr Name="UsedIn" Val="synthesis"/>
        <Attr Name="UsedIn" Val="implementation"/>
        <Attr Name="UsedIn" Val="simulation"/>
      </FileInfo>
    </File>
    <File Path="$PSRCDIR/sources_1/new/temp_dataout.sv">
      <FileInfo>
        <Attr Name="ImportPath" Val="$PPRDIR/../multi_short_line_TDC/multi_short_line_TDC.srcs/sources_1/new/temp_dataout.sv"/>
        <Attr Name="ImportTime" Val="1669725699"/>
        <Attr Name="UsedIn" Val="synthesis"/>
        <Attr Name="UsedIn" Val="implementation"/>
        <Attr Name="UsedIn" Val="simulation"/>
      </FileInfo>
    </File>
    <File Path="$PSRCDIR/sources_1/new/multi_short_line_TDC.sv">
      <FileInfo>
        <Attr Name="ImportPath" Val="$PPRDIR/../multi_short_line_TDC/multi_short_line_TDC.srcs/sources_1/new/multi_short_line_TDC.sv"/>
        <Attr Name="ImportTime" Val="1669725809"/>
        <Attr Name="UsedIn" Val="synthesis"/>
        <Attr Name="UsedIn" Val="implementation"/>
        <Attr Name="UsedIn" Val="simulation"/>
      </FileInfo>
    </File>
    <File Path="$PSRCDIR/sources_1/bd/design_1/design_1.bd">
      <FileInfo>
        <Attr Name="AutoDisabled" Val="1"/>
        <Attr Name="ImportPath" Val="$PPRDIR/../multi_short_line_TDC/multi_short_line_TDC.srcs/sources_1/bd/design_1/design_1.bd"/>
        <Attr Name="ImportTime" Val="1669635427"/>
        <Attr Name="UsedIn" Val="synthesis"/>
        <Attr Name="UsedIn" Val="implementation"/>
        <Attr Name="UsedIn" Val="simulation"/>
      </FileInfo>
    </File>
    <File Path="$PSRCDIR/sources_1/bd/design_1/hdl/design_1_wrapper.v">
      <FileInfo>
        <Attr Name="AutoDisabled" Val="1"/>
        <Attr Name="ImportPath" Val="$PPRDIR/../multi_short_line_TDC/multi_short_line_TDC.srcs/sources_1/bd/design_1/hdl/design_1_wrapper.v"/>
        <Attr Name="ImportTime" Val="1669635441"/>
        <Attr Name="UsedIn" Val="synthesis"/>
        <Attr Name="UsedIn" Val="implementation"/>
        <Attr Name="UsedIn" Val="simulation"/>
      </FileInfo>
    </File>
    <File Path="$PSRCDIR/sources_1/new/input_module.v">
      <FileInfo>
        <Attr Name="AutoDisabled" Val="1"/>
        <Attr Name="ImportPath" Val="$PPRDIR/../multi_short_line_TDC/multi_short_line_TDC.srcs/sources_1/new/input_module.v"/>
        <Attr Name="ImportTime" Val="1669612134"/>
        <Attr Name="UsedIn" Val="synthesis"/>
        <Attr Name="UsedIn" Val="implementation"/>
        <Attr Name="UsedIn" Val="simulation"/>
      </FileInfo>
    </File>
    <Config>
      <Option Name="DesignMode" Val="RTL"/>
      <Option Name="TopModule" Val="multi_short_line_TDC"/>
      <Option Name="TopAutoSet" Val="TRUE"/>
    </Config>
  </FileSet>
  <FileSet Name="constrs_in" Type="Constrs" RelSrcDir="$PSRCDIR/constrs_2">
    <File Path="$PSRCDIR/constrs_2/new/XDC_file.xdc">
      <FileInfo>
        <Attr Name="ImportPath" Val="$PPRDIR/../multi_short_line_TDC/multi_short_line_TDC.srcs/constrs_2/new/XDC_file.xdc"/>
        <Attr Name="ImportTime" Val="1669786383"/>
        <Attr Name="UsedIn" Val="synthesis"/>
        <Attr Name="UsedIn" Val="implementation"/>
      </FileInfo>
    </File>
    <Config>
      <Option Name="TargetConstrsFile" Val="$PSRCDIR/constrs_2/new/XDC_file.xdc"/>
      <Option Name="ConstrsType" Val="XDC"/>
    </Config>
  </FileSet>
  <FileSet Name="utils" Type="Utils" RelSrcDir="$PSRCDIR/utils_1">
    <Filter Type="Utils"/>
    <Config>
      <Option Name="TopAutoSet" Val="TRUE"/>
    </Config>
  </FileSet>
  <Strategy Version="1" Minor="2">
    <StratHandle Name="Vivado Synthesis Defaults" Flow="Vivado Synthesis 2019"/>
    <Step Id="synth_design"/>
  </Strategy>
  <BlockFileSet Type="BlockSrcs" Name="test_signal_generate_module"/>
  <BlockFileSet Type="BlockSrcs" Name="coarse_module"/>
  <BlockFileSet Type="BlockSrcs" Name="design_1_zynq_ultra_ps_e_0_0"/>
  <BlockFileSet Type="BlockSrcs" Name="clock_module"/>
  <BlockFileSet Type="BlockSrcs" Name="fifo_generator_0"/>
</GenRun>
