<?xml version="1.0" encoding="UTF-8"?>
<GenRun Id="coarse_module_synth_1" LaunchPart="xc7k325tffg900-2" LaunchTime="1695178268">
  <File Type="PA-TCL" Name="coarse_module.tcl"/>
  <File Type="REPORTS-TCL" Name="coarse_module_reports.tcl"/>
  <File Type="RDS-RDS" Name="coarse_module.vds"/>
  <File Type="RDS-UTIL" Name="coarse_module_utilization_synth.rpt"/>
  <File Type="RDS-UTIL-PB" Name="coarse_module_utilization_synth.pb"/>
  <File Type="RDS-DCP" Name="coarse_module.dcp"/>
  <FileSet Name="sources" Type="BlockSrcs" RelSrcDir="$PSRCDIR/coarse_module">
    <File Path="$PSRCDIR/sources_1/ip/coarse_module/coarse_module.xci">
      <FileInfo>
        <Attr Name="ImportPath" Val="$PPRDIR/../multi_short_line_TDC/multi_short_line_TDC.srcs/sources_1/ip/coarse_module/coarse_module.xci"/>
        <Attr Name="ImportTime" Val="1669725552"/>
        <Attr Name="UsedIn" Val="synthesis"/>
        <Attr Name="UsedIn" Val="implementation"/>
        <Attr Name="UsedIn" Val="simulation"/>
      </FileInfo>
    </File>
    <Config>
      <Option Name="TopModule" Val="coarse_module"/>
      <Option Name="UseBlackboxStub" Val="1"/>
    </Config>
  </FileSet>
  <FileSet Name="constrs_in" Type="BlockSrcs" RelSrcDir="$PSRCDIR/coarse_module">
    <File Path="$PSRCDIR/sources_1/ip/coarse_module/coarse_module.xci">
      <FileInfo>
        <Attr Name="ImportPath" Val="$PPRDIR/../multi_short_line_TDC/multi_short_line_TDC.srcs/sources_1/ip/coarse_module/coarse_module.xci"/>
        <Attr Name="ImportTime" Val="1669725552"/>
        <Attr Name="UsedIn" Val="synthesis"/>
        <Attr Name="UsedIn" Val="implementation"/>
        <Attr Name="UsedIn" Val="simulation"/>
      </FileInfo>
    </File>
    <Config>
      <Option Name="TopModule" Val="coarse_module"/>
      <Option Name="UseBlackboxStub" Val="1"/>
    </Config>
  </FileSet>
  <FileSet Name="utils" Type="Utils" RelSrcDir="$PSRCDIR/utils_1">
    <Filter Type="Utils"/>
    <Config>
      <Option Name="TopAutoSet" Val="TRUE"/>
    </Config>
  </FileSet>
  <Strategy Version="1" Minor="2">
    <StratHandle Name="Vivado Synthesis Defaults" Flow="Vivado Synthesis 2019"/>
    <Step Id="synth_design"/>
  </Strategy>
</GenRun>
